date,pre,hum,tem,ven,occ
2020-05-14 21:05:00,94269.77,54.45,30.99,1.0,L
2020-05-14 21:10:00,94266.83,54.26,31.01,1.0,L
2020-05-14 21:15:00,94272.6,54.85,31.01,1.0,L
2020-05-14 21:20:00,94271.31,55.12,30.92,1.0,L
2020-05-14 21:25:00,94274.32,55.42,30.9,1.0,L
2020-05-14 21:30:00,94278.31,55.59,30.89,1.0,L
2020-05-14 21:35:00,94279.45,55.64,30.94,1.0,L
2020-05-14 21:40:00,94281.94,55.83,30.95,1.0,L
2020-05-14 21:45:00,94285.85,55.98,30.93,1.0,L
2020-05-14 21:50:00,94291.13,56.1,30.94,1.0,L
2020-05-14 21:55:00,94292.5,56.1,30.93,1.0,L
2020-05-14 22:00:00,94295.63,56.12,30.92,1.0,L
2020-05-14 22:05:00,94300.54,56.05,30.94,1.0,L
2020-05-14 22:10:00,94301.55,56.15,30.92,1.0,L
2020-05-14 22:15:00,94308.02,56.17,30.92,1.0,L
2020-05-14 22:20:00,94309.81,56.22,30.89,1.0,L
2020-05-14 22:25:00,94308.7,56.3,30.88,1.0,L
2020-05-14 22:30:00,94313.45,56.37,30.86,1.0,L
2020-05-14 22:35:00,94321.38,56.45,30.87,1.0,L
2020-05-14 22:40:00,94328.24,56.55,30.89,1.0,L
2020-05-14 22:45:00,94330.26,56.44,30.92,1.0,L
2020-05-14 22:50:00,94334.19,56.33,30.91,1.0,L
2020-05-14 22:55:00,94339.17,56.37,30.92,1.0,L
2020-05-14 23:00:00,94332.82,56.44,30.93,1.0,M
2020-05-14 23:05:00,94343.5,56.72,30.97,1.0,M
2020-05-14 23:10:00,94347.04,56.88,31.03,1.0,M
2020-05-14 23:15:00,94350.17,57.85,31.12,1.0,M
2020-05-14 23:20:00,94353.39,59.38,30.99,1.0,M
2020-05-14 23:25:00,94355.84,59.13,31.01,1.0,H
2020-05-14 23:30:00,94358.64,59.29,31.01,2.0,H
2020-05-14 23:35:00,94366.85,58.75,31.03,2.0,H
2020-05-14 23:40:00,94372.36,58.21,31.02,2.0,H
2020-05-14 23:45:00,94374.11,58.0,30.92,2.0,H
2020-05-14 23:50:00,94374.76,58.17,30.92,2.0,H
2020-05-14 23:55:00,94372.51,58.69,30.91,2.0,H
2020-05-15 00:00:00,94370.77,58.81,30.95,2.0,H
2020-05-15 00:05:00,94364.47,59.1,30.86,2.0,H
2020-05-15 00:10:00,94358.37,59.33,30.76,2.0,H
2020-05-15 00:15:00,94355.18,59.62,30.82,2.0,M
2020-05-15 00:20:00,94353.31,59.56,30.69,2.0,M
2020-05-15 00:25:00,94347.63,60.32,30.47,2.0,M
2020-05-15 00:30:00,94341.88,60.66,30.36,2.0,M
2020-05-15 00:35:00,94339.94,60.74,30.39,2.0,M
2020-05-15 00:40:00,94340.78,60.69,30.32,2.0,M
2020-05-15 00:45:00,94338.49,60.79,30.3,2.0,M
2020-05-15 00:50:00,94331.56,61.17,30.39,2.0,M
2020-05-15 00:55:00,94331.53,61.06,30.51,1.0,M
2020-05-15 01:00:00,94328.53,60.97,30.56,1.0,M
2020-05-24 11:45:00,94258.37,53.79,31.56,2.0,H
2020-05-24 11:50:00,94256.12,53.82,31.61,2.0,H
2020-05-24 11:55:00,94255.59,53.88,31.65,2.0,H
2020-05-24 12:00:00,94259.51,53.8,31.66,2.0,M
2020-05-24 12:05:00,94258.01,53.62,31.68,2.0,M
2020-05-24 12:10:00,94252.68,53.56,31.63,2.0,M
2020-05-24 12:15:00,94251.83,53.32,31.5,2.0,M
2020-05-24 12:20:00,94254.68,53.12,31.43,2.0,M
2020-05-24 12:25:00,94260.67,53.12,31.39,2.0,M
2020-05-24 12:30:00,94258.87,52.95,31.43,2.0,M
2020-05-24 12:35:00,94253.23,53.17,31.5,2.0,M
2020-05-24 12:40:00,94247.22,54.26,31.63,2.0,M
2020-05-24 12:45:00,94240.79,54.23,31.69,2.0,M
2020-05-24 12:50:00,94238.42,53.43,31.81,2.0,L
2020-05-24 12:55:00,94242.75,52.69,31.91,2.0,L
2020-05-24 13:00:00,94234.7,52.79,31.99,2.0,L
2020-05-24 13:05:00,94229.85,52.84,32.07,2.0,L
2020-05-25 15:45:00,93948.34,53.3,32.03,1.0,M
2020-05-25 15:50:00,93946.21,53.19,32.1,1.0,M
2020-05-25 15:55:00,93940.45,52.78,32.25,1.0,M
2020-05-25 16:00:00,93936.82,52.32,32.39,1.0,M
2020-05-25 16:05:00,93931.87,51.67,32.4,1.0,M
2020-05-25 16:10:00,93918.85,51.07,32.34,1.0,M
2020-05-25 16:15:00,93908.39,50.53,32.25,1.0,M
2020-05-25 16:20:00,93911.13,50.04,32.16,1.0,M
2020-05-25 16:25:00,93906.61,50.88,32.17,1.0,M
2020-05-25 16:30:00,93901.19,50.24,32.18,1.0,M
2020-05-25 16:35:00,93900.89,49.63,32.12,1.0,M
2020-05-25 16:40:00,93900.83,50.31,32.15,1.0,M
2020-05-25 16:45:00,93889.9,49.39,32.15,1.0,M
2020-05-25 16:50:00,93882.62,49.63,32.15,1.0,M
2020-05-25 16:55:00,93882.42,49.87,32.23,1.0,M
2020-05-25 17:00:00,93877.87,48.52,32.27,1.0,M
2020-05-25 17:05:00,93875.38,48.37,32.28,1.0,M
2020-05-25 17:10:00,93873.24,48.07,32.29,1.0,L
2020-05-25 17:15:00,93859.47,48.07,32.2,1.0,L
2020-05-25 17:20:00,93861.29,48.75,32.28,1.0,L
2020-05-25 17:25:00,93861.74,47.17,32.34,1.0,L
2020-05-25 17:30:00,93849.55,45.98,32.26,1.0,L
2020-05-25 17:35:00,93843.77,45.58,32.39,1.0,L
2020-05-25 17:40:00,93842.46,45.5,32.33,1.0,L
2020-05-25 17:45:00,93842.42,45.76,31.96,1.0,L
2020-05-25 17:50:00,93834.38,46.47,31.89,1.0,L
2020-05-25 17:55:00,93828.0,46.59,31.93,1.0,L
2020-05-25 18:00:00,93819.35,45.91,31.82,1.0,L
2020-05-25 18:05:00,93809.71,46.41,31.92,1.0,L
2020-05-25 18:10:00,93800.88,47.01,32.04,1.0,L
2020-05-25 18:15:00,93804.26,47.52,32.13,1.0,L
2020-05-25 18:20:00,93799.93,48.11,32.17,1.0,L
2020-05-25 18:25:00,93790.09,48.12,32.21,1.0,L
2020-05-25 18:30:00,93790.42,48.14,32.27,1.0,L
2020-05-25 18:35:00,93785.41,48.16,32.3,1.0,L
2020-05-25 18:40:00,93790.49,48.48,32.34,1.0,L
2020-05-25 18:45:00,93780.25,48.6,32.37,1.0,L
2020-05-25 18:50:00,93779.94,48.33,32.4,1.0,M
2020-05-25 18:55:00,93778.43,48.33,32.43,1.0,M
2020-05-25 19:00:00,93779.16,48.39,32.46,1.0,M
2020-05-25 19:05:00,93765.02,48.75,32.43,1.0,M
2020-05-25 19:10:00,93751.9,49.17,32.48,1.0,M
2020-05-25 19:15:00,93740.72,48.54,32.51,1.0,M
2020-05-25 19:20:00,93752.39,46.99,32.49,1.0,L
2020-05-25 19:25:00,93755.99,46.1,32.52,1.0,L
2020-05-25 19:30:00,93755.63,45.17,32.52,1.0,M
2020-05-25 19:35:00,93774.92,44.52,32.55,1.0,M
2020-05-25 19:40:00,93776.73,45.12,32.61,1.0,L
2020-05-25 19:45:00,93789.04,44.37,32.66,1.0,L
2020-05-25 19:50:00,93796.0,43.11,32.58,1.0,L
2020-05-25 19:55:00,93801.54,42.9,32.56,1.0,L
2020-05-25 20:00:00,93810.89,43.35,32.66,1.0,L
2020-05-25 20:05:00,93816.63,43.18,32.66,1.0,L
2020-05-25 20:10:00,93829.39,42.12,32.58,1.0,L
2020-05-25 20:15:00,93843.07,42.2,32.45,1.0,L
2020-05-25 20:20:00,93855.7,43.12,32.5,1.0,L
2020-05-25 20:25:00,93874.81,44.74,32.55,1.0,L
2020-05-25 20:30:00,93887.01,44.95,32.56,1.0,M
2020-05-25 20:35:00,93902.07,45.25,32.51,1.0,M
2020-05-25 20:40:00,93911.73,46.26,32.58,1.0,L
2020-05-25 20:45:00,93918.7,45.16,32.45,1.0,L
2020-05-25 20:50:00,93921.72,46.69,32.53,0.0,L
2020-05-25 20:55:00,93939.39,46.92,32.56,0.0,L
2020-05-25 21:00:00,93961.6,48.26,32.61,0.0,L
2020-05-25 21:05:00,93969.56,49.07,32.53,0.0,L
2020-05-25 21:10:00,93985.56,49.66,32.44,0.0,L
2020-05-25 21:15:00,93990.82,49.85,32.44,0.0,L
2020-05-25 21:20:00,94010.92,50.03,32.5,0.0,L
2020-05-25 21:25:00,94040.95,50.28,32.43,0.0,L
2020-05-25 21:30:00,94046.54,50.09,32.36,0.0,L
2020-05-25 21:35:00,94046.76,50.15,32.41,0.0,L
2020-05-25 21:40:00,94051.77,48.91,32.45,0.0,L
2020-05-25 21:45:00,94049.03,48.8,32.41,0.0,L
2020-05-25 21:50:00,94041.48,49.25,32.19,1.0,L
2020-05-25 21:55:00,94047.43,49.5,32.11,1.0,L
2020-05-25 22:00:00,94040.24,49.75,32.01,1.0,L
2020-05-25 22:05:00,94027.8,50.81,31.95,1.0,L
2020-05-25 22:10:00,94011.28,51.57,31.96,1.0,L
2020-05-25 22:15:00,93996.88,52.08,31.96,1.0,L
2020-05-25 22:20:00,94000.42,51.88,31.92,1.0,L
2020-05-25 22:25:00,94028.37,51.97,31.92,1.0,L
2020-05-25 22:30:00,94062.98,52.35,31.64,1.0,L
2020-05-25 22:35:00,94091.59,52.32,31.58,1.0,L
2020-05-25 22:40:00,94110.1,51.94,31.79,1.0,L
2020-05-25 22:45:00,94125.24,51.55,32.09,1.0,L
2020-05-25 22:50:00,94137.51,51.62,32.24,1.0,L
2020-05-25 22:55:00,94152.83,51.47,32.37,1.0,L
2020-05-25 23:00:00,94149.63,51.45,32.29,1.0,L
2020-05-25 23:05:00,94137.83,51.22,32.34,1.0,L
2020-05-25 23:10:00,94145.19,51.24,32.43,1.0,L
2020-05-25 23:15:00,94136.96,50.75,32.53,1.0,L
2020-05-25 23:20:00,94138.81,52.96,32.7,1.0,M
2020-05-25 23:25:00,94160.81,50.27,32.91,1.0,M
2020-05-25 23:30:00,94177.33,51.29,32.6,1.0,M
2020-05-25 23:35:00,94192.07,51.06,32.44,1.0,M
2020-05-25 23:40:00,94216.44,51.37,32.39,1.0,H
2020-05-25 23:45:00,94231.96,51.16,32.15,1.0,H
2020-05-25 23:50:00,94271.64,51.16,31.52,1.0,H
2020-05-25 23:55:00,94301.11,51.85,31.45,1.0,H
2020-05-26 00:00:00,94318.52,52.08,31.5,1.0,M
2020-05-26 00:05:00,94326.29,53.28,31.4,1.0,M
2020-05-26 00:10:00,94342.62,54.28,31.32,1.0,M
2020-05-26 00:15:00,94346.07,55.47,31.25,1.0,M
2020-05-26 00:20:00,94346.3,55.53,31.42,1.0,M
2020-05-26 00:25:00,94327.21,54.66,31.65,1.0,M
2020-05-26 00:30:00,94338.72,53.57,31.73,1.0,L
2020-05-26 00:35:00,94350.9,52.84,31.78,1.0,L
2020-05-26 00:40:00,94355.3,52.06,31.77,1.0,L
2020-05-26 00:45:00,94352.34,48.97,31.74,1.0,L
2020-05-26 00:50:00,94377.04,49.07,31.78,1.0,L
2020-05-26 00:55:00,94398.15,48.51,31.76,1.0,L
2020-05-26 01:00:00,94403.65,47.36,31.6,0.0,L
2020-05-26 01:05:00,94407.44,49.14,31.58,0.0,L
2020-05-26 01:10:00,94396.21,47.96,31.65,0.0,L
2020-05-26 01:15:00,94378.04,47.56,31.73,0.0,L
2020-05-26 01:20:00,94362.81,48.71,31.79,0.0,L
2020-05-26 01:25:00,94350.55,47.43,31.73,0.0,L
2020-05-26 01:30:00,94342.21,48.54,31.9,0.0,L
2020-05-26 01:35:00,94331.99,47.08,31.81,0.0,L
2020-05-26 01:40:00,94319.37,47.14,31.67,0.0,L
2020-05-26 01:45:00,94300.54,47.09,31.85,0.0,L
2020-05-26 01:50:00,94291.21,45.79,31.89,0.0,L
2020-05-26 01:55:00,94270.6,49.4,31.74,0.0,L
2020-05-26 02:00:00,94263.42,52.49,31.4,0.0,L
2020-05-26 02:05:00,94272.94,53.28,31.32,0.0,L
2020-05-26 02:10:00,94262.58,51.95,31.41,0.0,L
2020-05-26 02:15:00,94259.74,53.56,31.14,0.0,L
2020-05-26 02:20:00,94258.03,54.68,30.8,0.0,L
2020-05-26 02:25:00,94232.55,54.79,30.73,0.0,L
2020-05-26 02:30:00,94218.01,55.24,30.52,0.0,L
2020-05-26 02:35:00,94206.74,55.32,30.48,0.0,L
2020-05-26 02:40:00,94206.16,55.84,30.23,0.0,L
2020-05-26 02:45:00,94200.75,55.91,30.1,0.0,L
2020-05-26 02:50:00,94208.75,55.74,30.0,0.0,L
2020-05-26 02:55:00,94209.5,55.67,29.91,0.0,L
2020-05-26 03:00:00,94223.03,55.46,29.92,0.0,L
2020-05-26 03:05:00,94243.9,55.31,30.0,0.0,L
2020-05-26 03:10:00,94263.4,52.69,30.36,0.0,L
2020-05-26 03:15:00,94275.44,53.84,30.44,0.0,L
2020-05-26 03:20:00,94281.18,54.23,30.46,0.0,L
2020-05-26 03:25:00,94290.96,54.15,30.5,0.0,L
2020-05-26 03:30:00,94301.6,54.5,30.46,0.0,L
2020-05-26 03:35:00,94312.05,52.09,30.61,0.0,L
2020-05-26 03:40:00,94331.74,51.13,30.74,0.0,L
2020-05-26 03:45:00,94347.13,49.3,30.73,0.0,L
2020-05-26 03:50:00,94356.99,49.64,30.82,0.0,L
2020-05-26 03:55:00,94369.92,47.58,30.86,0.0,L
2020-05-26 04:00:00,94386.73,50.32,30.52,0.0,L
2020-05-26 04:05:00,94404.28,49.4,30.57,0.0,L
2020-05-26 04:10:00,94424.17,49.41,30.65,0.0,L
2020-05-26 04:15:00,94430.33,50.13,30.56,0.0,L
2020-05-26 04:20:00,94431.11,51.49,30.07,0.0,L
2020-05-26 04:25:00,94440.96,51.67,30.04,0.0,L
2020-05-26 04:30:00,94456.41,50.9,30.18,0.0,L
2020-05-26 04:35:00,94473.33,50.11,30.37,0.0,L
2020-05-26 04:40:00,94494.37,48.64,30.48,0.0,L
2020-05-26 04:45:00,94516.81,50.1,30.24,0.0,L
2020-05-26 04:50:00,94520.64,50.73,30.05,0.0,L
2020-05-26 04:55:00,94522.61,50.91,29.95,0.0,L
2020-05-26 05:00:00,94524.4,51.16,29.78,0.0,L
2020-05-26 05:05:00,94522.98,51.19,29.8,0.0,L
2020-05-26 05:10:00,94532.46,51.54,29.69,0.0,L
2020-05-26 05:15:00,94543.64,52.11,29.54,0.0,L
2020-05-26 05:20:00,94546.54,52.9,29.48,0.0,L
2020-05-26 05:25:00,94544.1,53.9,29.44,0.0,L
2020-05-26 05:30:00,94555.96,56.22,29.07,0.0,L
2020-05-26 05:35:00,94551.55,57.38,28.77,0.0,L
2020-05-26 05:40:00,94544.66,56.87,28.85,0.0,L
2020-05-26 05:45:00,94531.3,56.5,28.86,0.0,L
2020-05-26 05:50:00,94524.12,56.43,28.85,0.0,L
2020-05-26 05:55:00,94531.21,56.06,28.79,0.0,L
2020-05-26 06:00:00,94526.89,55.76,28.85,0.0,L
2020-05-26 06:05:00,94518.32,56.21,28.61,0.0,L
2020-05-26 06:10:00,94527.14,56.65,28.41,0.0,L
2020-05-26 06:15:00,94533.66,56.9,28.36,0.0,L
2020-05-26 06:20:00,94549.02,56.6,28.49,0.0,L
2020-05-26 06:25:00,94559.49,55.87,28.74,0.0,L
2020-05-26 06:30:00,94570.65,55.97,28.61,0.0,L
2020-05-26 06:35:00,94582.74,55.39,28.83,0.0,L
2020-05-26 06:40:00,94596.63,54.7,29.14,0.0,L
2020-05-26 06:45:00,94610.37,53.87,29.51,0.0,L
2020-05-26 06:50:00,94619.45,53.81,29.43,0.0,L
2020-05-26 06:55:00,94625.68,53.94,29.37,0.0,L
2020-05-26 10:50:00,94876.39,72.14,26.93,1.0,L
2020-05-26 10:55:00,94875.93,71.48,26.99,1.0,L
2020-05-26 11:00:00,94873.61,71.18,27.08,1.0,L
2020-05-26 11:05:00,94875.63,70.37,27.33,1.0,L
2020-05-26 11:10:00,94879.24,70.31,27.32,1.0,L
2020-05-26 11:15:00,94881.71,70.52,27.21,1.0,L
2020-05-26 11:20:00,94883.57,70.27,27.32,1.0,L
2020-05-26 11:25:00,94885.73,69.04,27.62,1.0,L
2020-05-26 11:30:00,94888.62,68.29,27.74,1.0,L
2020-05-26 23:35:00,94846.52,62.52,27.78,0.0,E
2020-05-26 23:40:00,94849.96,60.53,28.34,0.0,E
2020-05-26 23:45:00,94849.13,59.36,28.6,0.0,E
2020-05-26 23:50:00,94850.67,59.17,28.64,0.0,E
2020-05-26 23:55:00,94853.48,59.14,28.64,0.0,E
2020-05-27 00:00:00,94856.32,59.14,28.65,0.0,E
2020-05-27 00:05:00,94860.33,59.33,28.62,0.0,E
2020-05-27 00:10:00,94866.69,59.66,28.58,0.0,E
2020-05-27 00:15:00,94867.22,59.85,28.54,0.0,E
2020-05-27 00:20:00,94867.97,59.91,28.54,0.0,E
2020-05-27 00:25:00,94869.89,59.94,28.52,0.0,E
2020-05-27 00:30:00,94866.75,59.93,28.5,0.0,E
2020-05-27 00:35:00,94864.27,59.63,28.54,0.0,E
2020-05-27 00:40:00,94867.43,59.65,28.53,0.0,E
2020-05-27 00:45:00,94872.95,59.71,28.5,0.0,E
2020-05-27 00:50:00,94876.35,59.87,28.47,0.0,E
2020-05-27 00:55:00,94877.17,59.85,28.46,0.0,E
2020-05-27 01:00:00,94872.93,59.7,28.44,0.0,E
2020-05-27 01:05:00,94872.57,59.68,28.38,0.0,E
2020-05-27 01:10:00,94870.16,59.83,28.32,0.0,L
2020-05-27 01:15:00,94861.81,60.09,28.29,0.0,L
2020-05-27 01:20:00,94858.56,60.16,28.26,0.0,L
2020-05-27 01:25:00,94855.83,60.03,28.22,0.0,L
2020-05-27 01:30:00,94854.07,59.88,28.21,0.0,L
2020-05-27 01:35:00,94848.21,59.8,28.32,0.0,L
2020-05-27 01:40:00,94842.77,58.76,28.83,0.0,L
2020-05-27 01:45:00,94840.91,58.49,29.06,0.0,L
2020-05-27 01:50:00,94837.86,58.24,29.18,0.0,L
2020-05-27 01:55:00,94831.42,57.9,29.28,0.0,L
2020-05-27 02:00:00,94823.95,57.71,29.36,0.0,L
2020-05-27 02:05:00,94819.62,57.58,29.42,0.0,L
2020-05-27 02:10:00,94814.1,57.45,29.48,0.0,L
2020-05-27 02:15:00,94811.63,57.37,29.52,0.0,L
2020-05-27 02:20:00,94812.06,57.26,29.56,0.0,L
2020-05-27 02:25:00,94799.75,57.18,29.6,0.0,L
2020-05-27 02:30:00,94793.58,57.12,29.62,0.0,L
2020-05-27 02:35:00,94794.22,57.11,29.64,0.0,L
2020-05-27 02:40:00,94797.03,57.14,29.66,0.0,L
2020-05-27 02:45:00,94791.4,57.05,29.66,0.0,L
2020-05-27 02:50:00,94791.64,57.03,29.68,0.0,L
2020-05-27 02:55:00,94784.38,56.96,29.67,0.0,L
2020-05-27 03:00:00,94781.13,56.84,29.67,0.0,L
2020-05-27 03:05:00,94775.88,56.8,29.68,0.0,L
2020-05-27 03:10:00,94770.73,56.82,29.68,0.0,L
2020-05-27 03:15:00,94770.43,56.75,29.7,0.0,L
2020-05-27 03:20:00,94768.03,56.71,29.7,0.0,L
2020-05-27 03:25:00,94764.52,56.72,29.7,0.0,L
2020-05-27 03:30:00,94759.22,56.71,29.7,0.0,L
2020-05-27 03:35:00,94760.36,56.66,29.71,0.0,L
2020-05-27 03:40:00,94757.61,56.68,29.71,0.0,L
2020-05-27 03:45:00,94753.32,56.7,29.71,0.0,L
2020-05-27 03:50:00,94757.93,56.72,29.73,0.0,L
2020-05-27 03:55:00,94763.32,56.68,29.74,0.0,L
2020-05-27 04:00:00,94759.32,56.67,29.73,0.0,L
2020-05-27 04:05:00,94755.93,56.68,29.73,0.0,L
2020-05-27 04:10:00,94753.74,56.73,29.73,0.0,L
2020-05-27 04:15:00,94751.76,56.69,29.71,0.0,L
2020-05-27 04:20:00,94748.95,56.66,29.71,0.0,L
2020-05-27 04:25:00,94751.59,56.63,29.7,0.0,L
2020-05-27 04:30:00,94752.64,56.53,29.69,0.0,L
2020-05-27 04:35:00,94756.59,56.48,29.69,0.0,L
2020-05-27 04:40:00,94760.74,56.45,29.69,0.0,L
2020-05-27 04:45:00,94759.41,56.39,29.69,0.0,L
2020-05-27 04:50:00,94757.71,56.36,29.71,0.0,L
2020-05-27 04:55:00,94749.69,56.36,29.69,0.0,L
2020-05-27 05:00:00,94743.45,56.32,29.69,0.0,L
2020-05-27 05:05:00,94742.2,56.31,29.68,0.0,L
2020-05-27 05:10:00,94737.66,56.28,29.69,0.0,L
2020-05-27 05:15:00,94735.51,56.2,29.7,0.0,L
2020-05-27 05:20:00,94733.73,56.21,29.67,0.0,L
2020-05-27 05:25:00,94727.87,56.21,29.65,0.0,L
2020-05-27 05:30:00,94722.75,56.19,29.64,0.0,L
2020-05-27 05:35:00,94724.95,56.22,29.62,0.0,L
2020-05-27 05:40:00,94730.21,56.23,29.62,0.0,L
2020-05-27 05:45:00,94733.4,56.25,29.62,0.0,L
2020-05-27 05:50:00,94735.84,56.28,29.6,0.0,L
2020-05-27 05:55:00,94739.39,56.24,29.59,0.0,L
2020-05-27 06:00:00,94734.93,56.23,29.58,0.0,L
2020-05-27 06:05:00,94738.13,56.2,29.58,0.0,L
2020-05-27 06:10:00,94747.61,56.18,29.57,0.0,L
2020-05-27 06:15:00,94747.87,56.19,29.56,0.0,L
2020-05-27 06:20:00,94751.45,56.19,29.56,0.0,L
2020-05-27 06:25:00,94751.62,56.17,29.55,0.0,L
2020-05-27 06:30:00,94752.11,56.17,29.54,0.0,L
2020-05-27 06:35:00,94758.76,56.25,29.52,0.0,L
2020-05-27 06:40:00,94762.04,56.28,29.51,0.0,L
2020-05-27 06:45:00,94763.22,56.27,29.53,0.0,L
2020-05-27 06:50:00,94764.38,56.28,29.53,0.0,L
2020-05-27 06:55:00,94762.01,56.31,29.53,0.0,L
2020-05-27 07:00:00,94759.8,56.36,29.53,0.0,L
2020-05-27 07:05:00,94760.14,56.44,29.5,0.0,L
2020-05-27 07:10:00,94767.54,58.04,28.79,0.0,E
2020-05-27 07:15:00,94773.45,59.77,28.04,0.0,E
2020-05-27 07:20:00,94779.95,61.94,27.25,0.0,E
2020-05-27 07:25:00,94784.56,62.45,27.16,0.0,E
2020-05-27 07:30:00,94784.58,62.01,27.36,0.0,E
2020-05-27 07:35:00,94783.94,62.28,27.33,0.0,E
2020-05-27 07:40:00,94780.45,62.17,27.27,0.0,E
2020-05-27 07:45:00,94780.42,62.12,27.24,0.0,E
2020-05-27 07:50:00,94782.77,62.14,27.19,0.0,E
2020-05-27 07:55:00,94783.4,62.7,27.2,0.0,E
2020-05-27 08:00:00,94784.49,62.82,27.18,0.0,E
2020-05-27 08:05:00,94786.39,62.91,27.18,0.0,E
2020-05-27 08:10:00,94784.71,62.55,27.28,0.0,E
2020-05-27 08:15:00,94790.49,62.59,27.22,0.0,E
2020-05-27 08:20:00,94800.79,62.69,27.21,0.0,E
2020-05-27 08:25:00,94807.18,62.97,27.24,0.0,E
2020-05-27 08:30:00,94812.77,63.17,27.25,0.0,E
2020-05-27 08:35:00,94818.44,63.04,27.23,0.0,E
2020-05-27 08:40:00,94819.88,63.15,27.1,0.0,L
2020-05-27 08:45:00,94815.97,63.76,26.92,0.0,L
2020-05-27 08:50:00,94816.73,63.54,27.0,0.0,E
2020-05-27 08:55:00,94821.81,62.92,27.26,0.0,E
2020-05-27 09:00:00,94826.99,63.09,27.26,0.0,E
2020-05-27 09:05:00,94828.16,63.72,27.12,0.0,E
2020-05-27 09:10:00,94832.69,63.71,27.18,0.0,E
2020-05-27 09:15:00,94834.75,63.71,27.28,0.0,E
2020-05-27 09:20:00,94833.25,63.77,27.25,0.0,E
2020-05-27 09:25:00,94831.66,63.6,27.26,0.0,E
2020-05-27 09:30:00,94829.91,63.3,27.19,1.0,E
2020-05-27 09:35:00,94829.19,63.34,27.25,1.0,E
2020-05-27 09:40:00,94828.67,63.18,27.51,1.0,L
2020-05-27 09:45:00,94829.89,63.1,27.56,1.0,L
2020-05-27 09:50:00,94827.29,62.67,27.68,1.0,L
2020-05-27 09:55:00,94826.4,62.65,27.64,1.0,L
2020-05-27 10:00:00,94827.32,62.36,27.7,1.0,E
2020-05-28 01:05:00,94461.35,57.87,30.19,0.0,L
2020-05-28 01:10:00,94464.02,56.72,30.36,0.0,L
2020-05-28 01:15:00,94460.74,55.03,30.54,0.0,L
2020-05-28 01:20:00,94458.57,54.7,30.68,0.0,L
2020-05-28 01:25:00,94454.36,54.01,30.74,0.0,L
2020-05-28 01:30:00,94449.23,53.51,30.81,0.0,L
2020-05-28 01:35:00,94444.88,53.63,30.87,0.0,L
2020-05-28 01:40:00,94449.47,53.94,30.88,0.0,L
2020-05-28 01:45:00,94451.43,54.14,30.92,0.0,L
2020-05-28 01:50:00,94450.72,54.28,30.96,0.0,L
2020-05-28 01:55:00,94448.52,54.39,30.98,0.0,L
2020-05-28 02:00:00,94444.55,54.51,30.98,0.0,L
2020-05-28 02:05:00,94445.15,54.55,31.02,0.0,L
2020-05-28 02:10:00,94445.1,54.58,31.05,0.0,L
2020-05-28 02:15:00,94444.39,54.65,31.07,0.0,L
2020-05-28 02:20:00,94440.16,54.69,31.08,0.0,L
2020-05-28 02:25:00,94442.35,54.76,31.07,0.0,L
2020-05-28 02:30:00,94440.82,54.76,31.09,0.0,L
2020-05-28 02:35:00,94432.5,54.85,31.07,0.0,L
2020-05-28 02:40:00,94427.71,54.9,31.06,0.0,L
2020-05-28 02:45:00,94425.11,54.92,31.07,0.0,L
2020-05-28 02:50:00,94421.95,55.02,31.04,0.0,L
2020-05-28 02:55:00,94417.57,55.06,31.02,0.0,L
2020-05-28 03:00:00,94419.61,55.07,31.03,0.0,L
2020-05-28 03:05:00,94421.21,55.11,31.03,0.0,L
2020-05-28 03:10:00,94407.47,55.17,31.01,0.0,L
2020-05-28 03:15:00,94396.55,55.18,31.02,0.0,L
2020-05-28 03:20:00,94397.77,55.19,31.03,0.0,L
2020-05-28 03:25:00,94398.59,55.25,31.02,0.0,L
2020-05-28 03:30:00,94410.07,55.32,31.03,0.0,L
2020-05-28 03:35:00,94416.19,55.43,31.03,0.0,L
2020-05-28 03:40:00,94418.92,55.5,31.04,0.0,L
2020-05-28 03:45:00,94433.35,55.59,31.05,0.0,L
2020-05-28 03:50:00,94450.61,55.64,31.05,0.0,L
2020-05-28 03:55:00,94458.77,55.83,31.02,0.0,L
2020-05-28 04:00:00,94466.38,55.89,31.03,0.0,L
2020-05-28 04:05:00,94467.09,56.0,31.02,0.0,L
2020-05-28 04:10:00,94484.21,56.08,31.02,0.0,L
2020-05-28 04:15:00,94500.95,56.12,31.03,0.0,L
2020-05-28 04:20:00,94516.36,56.2,31.01,0.0,L
2020-05-28 04:25:00,94540.16,56.21,31.03,0.0,L
2020-05-28 04:30:00,94579.33,56.24,31.04,0.0,L
2020-05-28 04:35:00,94606.07,56.35,31.01,0.0,L
2020-05-28 04:40:00,94624.5,56.52,30.97,0.0,L
2020-05-28 04:45:00,94642.13,56.6,30.93,0.0,L
2020-05-28 04:50:00,94661.79,56.64,30.92,0.0,L
2020-05-28 04:55:00,94672.41,56.66,30.92,0.0,L
2020-05-28 05:00:00,94677.15,56.75,30.9,0.0,L
2020-05-28 05:05:00,94688.83,56.86,30.87,0.0,L
2020-05-28 05:10:00,94705.05,56.85,30.9,0.0,L
2020-05-28 05:15:00,94717.8,56.89,30.9,0.0,L
2020-05-28 05:20:00,94720.88,56.9,30.9,0.0,L
2020-05-28 05:25:00,94723.74,56.92,30.91,0.0,L
2020-05-28 05:30:00,94728.35,56.91,30.92,0.0,L
2020-05-28 05:35:00,94732.55,56.93,30.91,0.0,L
2020-05-28 05:40:00,94732.14,56.96,30.92,0.0,L
2020-05-28 05:45:00,94735.84,56.94,30.94,0.0,L
2020-05-28 05:50:00,94737.2,56.96,30.93,0.0,L
2020-05-28 05:55:00,94736.97,56.94,30.94,0.0,L
2020-05-28 06:00:00,94741.43,56.97,30.92,0.0,L
2020-05-28 06:05:00,94745.57,57.04,30.9,0.0,L
2020-05-28 06:10:00,94730.76,57.04,30.91,0.0,L
2020-05-28 06:15:00,94715.72,57.05,30.91,0.0,L
2020-05-28 06:20:00,94699.97,57.04,30.93,0.0,L
2020-05-28 06:25:00,94677.6,57.02,30.93,0.0,L
2020-05-28 06:30:00,94648.11,57.1,30.9,0.0,L
2020-05-28 06:35:00,94639.58,57.13,30.9,0.0,L
2020-05-28 06:40:00,94646.18,57.2,30.9,0.0,L
2020-05-28 06:45:00,94641.59,57.18,30.89,0.0,L
2020-05-28 06:50:00,94639.09,57.17,30.89,0.0,L
2020-05-28 06:55:00,94636.95,57.26,30.81,0.0,L
2020-05-28 07:00:00,94621.37,57.49,30.67,0.0,L
2020-05-28 07:05:00,94615.18,58.27,30.45,0.0,L
2020-05-28 08:45:00,94773.3,65.65,28.87,1.0,L
2020-05-28 08:50:00,94780.56,64.27,29.27,1.0,L
2020-05-28 08:55:00,94789.64,63.9,29.45,1.0,L
2020-05-28 09:00:00,94793.0,63.59,29.48,1.0,L
2020-05-28 09:05:00,94793.01,63.48,29.55,1.0,L
2020-05-28 09:10:00,94794.78,63.23,29.6,1.0,L
2020-05-28 09:15:00,94806.47,62.9,29.72,1.0,L
2020-05-28 09:20:00,94809.95,62.58,29.77,1.0,L
2020-05-28 09:25:00,94818.14,62.41,29.87,1.0,L
2020-05-28 09:30:00,94822.75,61.94,29.97,1.0,L
2020-05-28 09:35:00,94820.57,61.64,29.98,1.0,L
2020-05-28 09:40:00,94823.42,61.4,30.01,1.0,L
2020-05-28 09:45:00,94829.21,61.13,30.11,1.0,L
2020-05-28 09:50:00,94825.1,61.01,30.11,1.0,L
2020-05-28 09:55:00,94821.3,61.02,30.16,1.0,L
2020-05-28 10:00:00,94827.96,60.9,30.17,1.0,L
2020-05-28 10:05:00,94833.03,60.68,30.24,1.0,L
2020-05-28 10:10:00,94837.37,60.46,30.26,1.0,L
2020-05-28 10:15:00,94849.4,60.38,30.26,1.0,L
2020-05-28 10:20:00,94848.3,60.48,30.33,1.0,L
2020-05-28 10:25:00,94842.72,60.1,30.3,1.0,L
2020-05-28 10:30:00,94847.68,59.79,30.33,1.0,L
2020-05-28 10:35:00,94842.74,59.47,30.43,1.0,L
2020-05-28 10:40:00,94844.42,58.89,30.42,1.0,L
2020-05-28 10:45:00,94848.01,58.98,30.32,1.0,L
2020-05-28 10:50:00,94848.55,59.13,30.36,1.0,L
2020-05-28 10:55:00,94838.58,58.95,30.48,1.0,L
2020-05-28 11:00:00,94830.47,58.79,30.5,1.0,L
2020-05-28 11:05:00,94821.14,58.7,30.55,1.0,L
2020-05-28 11:10:00,94812.85,58.77,30.53,1.0,L
2020-05-28 11:15:00,94814.98,58.64,30.54,1.0,L
2020-05-28 11:20:00,94808.77,58.44,30.56,1.0,L
2020-05-28 11:25:00,94810.21,58.46,30.51,1.0,L
2020-05-28 11:30:00,94818.73,58.37,30.54,1.0,E
2020-05-28 11:35:00,94827.1,58.19,30.57,1.0,E
2020-05-28 11:40:00,94833.7,57.86,30.55,1.0,E
2020-05-28 11:45:00,94845.92,57.74,30.54,1.0,E
2020-05-28 11:50:00,94853.92,57.55,30.53,1.0,L
2020-05-28 11:55:00,94858.86,57.47,30.55,1.0,L
2020-05-28 12:00:00,94863.9,57.19,30.47,1.0,L
2020-05-28 12:05:00,94864.52,57.07,30.48,1.0,L
2020-05-28 12:10:00,94871.35,56.25,30.49,1.0,E
2020-05-28 12:15:00,94883.13,55.75,30.45,1.0,E
2020-05-28 12:20:00,94890.68,55.86,30.47,0.0,E
2020-05-28 12:25:00,94897.1,55.95,30.48,0.0,E
2020-05-28 12:30:00,94901.42,55.91,30.45,0.0,E
2020-05-28 12:35:00,94903.22,55.64,30.42,0.0,E
2020-05-28 12:40:00,94902.23,55.82,30.44,0.0,E
2020-05-28 12:45:00,94904.84,56.07,30.45,0.0,E
2020-05-28 12:50:00,94904.17,57.07,30.49,1.0,E
2020-05-28 12:55:00,94898.25,56.9,30.44,1.0,E
2020-05-28 13:00:00,94890.71,56.49,30.4,1.0,E
2020-05-28 13:05:00,94886.21,56.43,30.42,1.0,E
2020-05-28 23:15:00,94925.73,43.43,31.61,1.0,L
2020-05-28 23:20:00,94938.43,43.3,31.6,1.0,L
2020-05-28 23:25:00,94942.47,42.92,31.66,1.0,L
2020-05-28 23:30:00,94955.89,42.44,31.7,1.0,M
2020-05-28 23:35:00,94986.27,42.47,31.77,1.0,M
2020-05-28 23:40:00,94998.14,42.66,31.87,1.0,L
2020-05-28 23:45:00,94997.39,43.85,32.01,1.0,L
2020-05-28 23:50:00,95006.44,44.0,32.05,1.0,L
2020-05-28 23:55:00,95042.17,43.67,32.06,1.0,L
2020-05-29 00:00:00,95059.08,43.29,32.1,1.0,L
2020-05-29 00:05:00,95058.93,42.95,32.15,1.0,L
2020-05-29 00:10:00,95110.28,43.18,31.91,1.0,M
2020-05-29 00:15:00,95121.61,44.74,31.83,1.0,M
2020-05-29 00:20:00,95128.17,45.45,31.85,1.0,M
2020-05-29 00:25:00,95155.38,47.13,31.84,1.0,M
2020-05-29 00:30:00,95152.37,48.41,31.86,1.0,M
2020-05-29 00:35:00,95141.93,48.23,31.68,1.0,M
2020-05-29 00:40:00,95153.31,47.61,31.6,1.0,M
2020-05-29 00:45:00,95204.02,46.85,31.59,1.0,M
2020-05-29 00:50:00,95258.16,45.68,31.47,1.0,M
2020-05-29 00:55:00,95238.18,45.62,31.48,1.0,M
2020-05-29 01:00:00,95289.6,44.44,31.42,1.0,M
2020-05-29 01:05:00,95388.61,46.9,31.09,1.0,M
2020-05-29 01:10:00,95454.6,52.46,30.41,0.0,L
2020-05-29 01:15:00,95455.5,52.55,30.52,0.0,L
2020-05-29 01:20:00,95473.75,52.37,30.8,0.0,L
2020-05-29 01:25:00,95452.88,51.99,30.99,0.0,L
2020-05-29 01:30:00,95430.94,50.87,31.04,0.0,L
2020-05-29 01:35:00,95405.26,50.76,31.04,0.0,L
2020-05-29 01:40:00,95380.87,50.84,31.01,0.0,L
2020-05-29 01:45:00,95361.4,49.78,31.0,0.0,L
2020-05-29 01:50:00,95326.3,50.71,30.96,0.0,L
2020-05-29 01:55:00,95314.86,51.49,30.94,0.0,L
2020-05-29 02:00:00,95327.45,51.6,30.94,0.0,L
2020-05-29 02:05:00,95337.31,51.74,30.94,0.0,L
2020-05-29 02:10:00,95336.66,51.89,30.94,0.0,L
2020-05-29 02:15:00,95341.43,51.49,30.95,0.0,L
2020-05-29 02:20:00,95325.46,51.32,30.9,0.0,L
2020-05-29 02:25:00,95299.27,51.64,30.82,0.0,L
2020-05-29 02:30:00,95257.64,51.81,30.86,0.0,L
2020-05-29 02:35:00,95208.28,51.96,30.92,0.0,L
2020-05-29 02:40:00,95169.56,52.11,30.98,0.0,L
2020-05-29 02:45:00,95108.8,52.09,30.99,0.0,L
2020-05-29 02:50:00,95072.06,52.15,31.0,0.0,L
2020-05-29 02:55:00,95053.21,52.09,31.03,0.0,L
2020-05-29 03:00:00,95020.36,52.1,31.07,0.0,L
2020-05-29 03:05:00,94988.51,52.14,31.08,0.0,L
2020-05-29 03:10:00,94989.49,52.24,31.07,0.0,L
2020-05-29 03:15:00,94979.61,52.21,31.1,0.0,L
2020-05-29 03:20:00,94961.65,52.22,31.11,0.0,L
2020-05-29 03:25:00,94939.07,52.31,31.07,0.0,L
2020-05-29 03:30:00,94917.11,52.43,31.07,0.0,L
2020-05-29 03:35:00,94912.56,52.48,31.05,0.0,L
2020-05-29 03:40:00,94932.98,52.35,31.1,0.0,L
2020-05-29 03:45:00,94972.88,52.3,31.12,0.0,L
2020-05-29 03:50:00,94985.62,52.42,31.11,0.0,L
2020-05-29 03:55:00,94972.26,52.55,31.11,0.0,L
2020-05-29 04:00:00,94978.18,52.71,31.1,0.0,L
2020-05-29 04:05:00,94999.22,52.77,31.1,0.0,L
2020-05-29 04:10:00,95021.72,52.96,31.07,0.0,L
2020-05-29 04:15:00,95034.82,52.94,31.08,0.0,L
2020-05-29 04:20:00,95046.41,52.93,31.09,0.0,L
2020-05-29 04:25:00,95070.92,52.95,31.1,0.0,L
2020-05-29 04:30:00,95103.15,53.03,31.11,0.0,L
2020-05-29 04:35:00,95119.42,53.15,31.08,0.0,L
2020-05-29 04:40:00,95123.33,53.21,31.08,0.0,L
2020-05-29 04:45:00,95122.55,53.15,31.1,0.0,L
2020-05-29 04:50:00,95114.5,53.16,31.07,0.0,L
2020-05-29 04:55:00,95101.95,53.17,31.07,0.0,L
2020-05-29 05:00:00,95089.55,53.14,31.06,0.0,L
2020-05-29 05:05:00,95076.84,53.2,31.04,0.0,L
2020-05-29 05:10:00,95063.57,53.35,31.01,0.0,L
2020-05-29 05:15:00,95049.88,53.4,30.99,0.0,L
2020-05-29 05:20:00,95039.77,53.26,31.04,0.0,L
2020-05-29 05:25:00,95027.1,53.26,31.03,0.0,L
2020-05-29 05:30:00,95025.53,53.28,31.02,0.0,L
2020-05-29 05:35:00,95022.63,53.28,31.03,0.0,L
2020-05-29 05:40:00,95018.1,53.3,31.03,0.0,L
2020-05-29 05:45:00,95019.18,53.4,31.01,0.0,L
2020-05-29 05:50:00,95021.12,53.39,31.01,0.0,L
2020-05-29 05:55:00,95021.49,53.49,30.97,0.0,L
2020-05-29 06:00:00,95025.4,53.69,30.92,0.0,L
2020-05-29 06:05:00,95030.22,53.68,30.94,0.0,L
2020-05-29 06:10:00,95040.73,53.68,30.92,0.0,L
2020-05-29 06:15:00,95031.05,53.65,30.93,0.0,L
2020-05-29 06:20:00,95041.6,53.72,30.89,0.0,L
2020-05-29 06:25:00,95058.48,53.7,30.89,0.0,L
2020-05-29 06:30:00,95066.0,53.57,30.93,0.0,L
2020-05-29 06:35:00,95065.94,53.55,30.92,0.0,L
2020-05-29 06:40:00,95071.05,53.57,30.9,0.0,L
2020-05-29 06:45:00,95086.41,53.59,30.89,0.0,L
2020-05-29 06:50:00,95094.8,53.6,30.87,0.0,L
2020-05-29 06:55:00,95094.81,53.61,30.86,0.0,L
2020-05-29 07:00:00,95082.83,53.54,30.85,0.0,L
2020-05-29 07:05:00,95077.91,53.74,30.75,0.0,L
2020-05-29 07:10:00,95081.38,53.95,30.65,0.0,E
2020-05-29 07:15:00,95084.74,53.89,30.63,0.0,E
2020-05-29 07:20:00,95079.0,53.85,30.58,0.0,L
2020-05-29 07:25:00,95080.76,53.97,30.51,0.0,L
2020-05-29 07:30:00,95095.88,53.79,30.5,0.0,E
2020-05-29 07:35:00,95113.51,53.57,30.46,0.0,E
2020-05-29 07:40:00,95121.25,53.36,30.41,1.0,E
2020-05-29 07:45:00,95126.68,53.32,30.37,1.0,E
2020-05-29 07:50:00,95126.45,53.13,30.34,1.0,E
2020-05-29 07:55:00,95129.32,52.89,29.69,1.0,E
2020-05-29 08:00:00,95131.75,53.14,29.46,1.0,L
2020-05-29 08:05:00,95123.95,53.06,29.27,1.0,L
2020-05-29 08:10:00,95106.28,52.81,29.28,0.0,E
2020-05-29 08:15:00,95098.96,52.86,29.31,0.0,E
2020-05-29 08:20:00,95119.46,53.36,29.2,0.0,E
2020-05-29 08:25:00,95152.21,53.01,29.16,0.0,E
2020-05-29 08:30:00,95177.95,53.52,28.73,0.0,E
2020-05-31 19:00:00,94824.28,48.02,30.69,2.0,H
2020-05-31 19:05:00,94830.23,48.43,30.78,2.0,H
2020-05-31 19:10:00,94839.17,48.42,30.87,2.0,H
2020-05-31 19:15:00,94839.63,48.02,30.89,2.0,H
2020-05-31 19:20:00,94848.13,47.79,30.84,2.0,H
2020-05-31 19:25:00,94886.17,48.31,30.7,2.0,H
2020-05-31 19:30:00,94903.79,50.51,30.6,2.0,M
2020-05-31 19:35:00,94923.26,53.7,30.01,2.0,M
2020-05-31 19:40:00,94943.69,54.92,29.9,2.0,M
2020-05-31 19:45:00,94963.23,55.19,29.88,2.0,M
2020-05-31 19:50:00,94977.73,55.09,29.95,2.0,L
2020-05-31 19:55:00,94996.12,55.45,29.9,2.0,L
2020-05-31 20:00:00,95018.14,55.61,29.78,2.0,L
2020-05-31 20:05:00,95032.23,56.05,29.76,2.0,L
2020-06-01 01:40:00,95137.47,64.7,28.85,0.0,L
2020-06-01 01:45:00,95136.53,63.22,29.25,0.0,L
2020-06-01 01:50:00,95127.69,62.15,29.5,0.0,L
2020-06-01 01:55:00,95121.18,61.54,29.66,0.0,L
2020-06-01 02:00:00,95118.22,58.58,29.65,0.0,L
2020-06-01 02:05:00,95120.08,56.89,29.63,0.0,L
2020-06-01 02:10:00,95125.77,59.01,29.68,0.0,L
2020-06-01 02:15:00,95132.91,56.89,29.71,0.0,L
2020-06-01 02:20:00,95135.61,58.57,29.73,0.0,L
2020-06-01 02:25:00,95131.7,58.27,29.76,0.0,L
2020-06-01 02:30:00,95130.24,58.55,29.76,0.0,L
2020-06-01 02:35:00,95123.95,58.7,29.77,0.0,L
2020-06-01 02:40:00,95119.18,58.63,29.74,0.0,L
2020-06-01 02:45:00,95118.34,58.62,29.71,0.0,L
2020-06-01 02:50:00,95112.81,58.52,29.71,0.0,L
2020-06-01 02:55:00,95102.55,58.58,29.72,0.0,L
2020-06-01 03:00:00,95093.08,58.53,29.74,0.0,L
2020-06-01 03:05:00,95086.9,58.63,29.74,0.0,L
2020-06-01 03:10:00,95091.78,58.65,29.74,0.0,L
2020-06-01 03:15:00,95093.88,58.68,29.73,0.0,L
2020-06-01 03:20:00,95089.71,58.64,29.72,0.0,L
2020-06-01 03:25:00,95081.18,58.73,29.71,0.0,L
2020-06-01 03:30:00,95078.73,58.7,29.72,0.0,L
2020-06-01 03:35:00,95074.56,58.67,29.7,0.0,L
2020-06-01 03:40:00,95074.77,58.6,29.72,0.0,L
2020-06-01 03:45:00,95077.92,58.53,29.7,0.0,L
2020-06-01 03:50:00,95081.62,58.58,29.69,0.0,L
2020-06-01 03:55:00,95082.18,58.65,29.69,0.0,L
2020-06-01 04:00:00,95087.39,58.58,29.68,0.0,L
2020-06-01 04:05:00,95089.87,58.53,29.67,0.0,L
2020-06-01 04:10:00,95091.88,58.43,29.65,0.0,L
2020-06-01 04:15:00,95092.77,58.21,29.64,0.0,L
2020-06-01 04:20:00,95090.14,57.91,29.64,0.0,L
2020-06-01 04:25:00,95087.9,57.96,29.61,0.0,L
2020-06-01 04:30:00,95082.25,57.94,29.59,0.0,L
2020-06-01 04:35:00,95078.99,57.94,29.58,0.0,L
2020-06-01 04:40:00,95082.86,57.95,29.58,0.0,L
2020-06-01 04:45:00,95084.77,57.84,29.57,0.0,L
2020-06-01 04:50:00,95084.0,57.78,29.56,0.0,L
2020-06-01 04:55:00,95081.56,57.75,29.56,0.0,L
2020-06-01 05:00:00,95080.26,57.65,29.52,0.0,L
2020-06-01 05:05:00,95072.99,57.67,29.51,0.0,L
2020-06-01 05:10:00,95069.19,57.59,29.48,0.0,L
2020-06-01 05:15:00,95068.59,57.53,29.48,0.0,L
2020-06-01 05:20:00,95056.24,57.39,29.49,0.0,L
2020-06-01 05:25:00,95044.83,57.45,29.45,0.0,L
2020-06-01 05:30:00,95039.43,57.5,29.45,0.0,L
2020-06-01 05:35:00,95045.03,57.38,29.45,0.0,L
2020-06-01 05:40:00,95047.89,57.35,29.43,0.0,L
2020-06-01 05:45:00,95053.82,57.59,29.34,0.0,L
2020-06-01 05:50:00,95060.48,57.79,29.31,0.0,L
2020-06-01 05:55:00,95061.93,57.84,29.35,0.0,L
2020-06-01 06:00:00,95059.79,57.78,29.39,0.0,L
2020-06-01 06:05:00,95057.85,57.54,29.41,0.0,L
2020-06-01 06:10:00,95058.93,57.32,29.39,0.0,L
2020-06-01 06:15:00,95062.79,57.3,29.39,0.0,L
2020-06-01 06:20:00,95053.94,57.32,29.38,0.0,L
2020-06-01 06:25:00,95045.38,57.33,29.39,0.0,L
2020-06-01 06:30:00,95041.6,57.23,29.39,0.0,L
2020-06-01 06:35:00,95036.7,57.22,29.39,0.0,L
2020-06-01 06:40:00,95042.5,57.17,29.39,0.0,L
2020-06-01 06:45:00,95047.56,57.24,29.38,0.0,L
2020-06-01 06:50:00,95054.92,57.23,29.34,0.0,L
2020-06-01 06:55:00,95060.12,57.32,28.95,0.0,L
2020-06-01 07:00:00,95064.25,59.74,27.7,0.0,L
2020-06-01 07:05:00,95069.06,61.13,27.07,0.0,L
2020-06-01 07:10:00,95074.14,62.94,26.52,0.0,E
2020-06-01 07:15:00,95077.1,63.32,26.31,0.0,E
2020-06-01 07:20:00,95081.59,63.78,26.15,0.0,E
2020-06-01 07:25:00,95082.06,63.51,26.45,0.0,E
2020-06-01 07:30:00,95089.2,62.81,26.7,0.0,E
2020-06-01 07:35:00,95099.06,62.63,26.8,0.0,E
2020-06-01 07:40:00,95103.12,62.63,26.77,0.0,E
2020-06-01 07:45:00,95105.79,62.55,26.72,0.0,E
2020-06-01 07:50:00,95110.67,62.5,26.76,0.0,E
2020-06-01 07:55:00,95118.17,62.87,26.73,0.0,E
2020-06-01 08:00:00,95122.07,63.39,26.69,0.0,E
2020-06-01 08:05:00,95130.5,63.87,26.49,0.0,E
2020-06-01 08:10:00,95143.24,65.31,26.04,0.0,E
2020-06-01 08:15:00,95145.22,66.5,25.7,0.0,E
2020-06-01 08:20:00,95156.97,66.56,25.55,0.0,E
2020-06-01 08:25:00,95167.53,66.76,25.46,0.0,E
2020-06-01 08:30:00,95173.31,67.27,25.54,0.0,E
2020-06-01 08:35:00,95181.05,67.62,25.61,0.0,E
2020-06-01 08:40:00,95187.95,68.22,25.61,0.0,E
2020-06-01 08:45:00,95196.44,68.79,25.65,0.0,E
2020-06-01 08:50:00,95201.98,68.85,25.8,0.0,E
2020-06-01 08:55:00,95209.21,68.24,26.06,0.0,E
2020-06-01 09:00:00,95218.03,68.95,26.03,0.0,E
2020-06-01 09:05:00,95228.74,68.69,26.1,0.0,E
2020-06-01 09:10:00,95236.04,68.07,26.26,0.0,E
2020-06-01 09:15:00,95240.49,66.98,26.6,0.0,E
2020-06-01 09:20:00,95244.12,66.91,26.48,0.0,E
2020-06-01 09:25:00,95241.24,68.08,26.19,0.0,E
2020-06-01 09:30:00,95242.66,67.21,26.5,0.0,E
2020-06-01 09:35:00,95247.29,66.42,26.82,0.0,E
2020-06-01 09:40:00,95251.01,64.69,27.33,0.0,E
2020-06-01 09:45:00,95250.51,63.88,27.62,0.0,E
2020-06-01 09:50:00,95249.11,63.21,27.82,0.0,E
2020-06-01 09:55:00,95252.06,62.88,27.93,0.0,E
2020-06-01 10:00:00,95253.2,62.46,28.05,0.0,E
2020-06-01 10:05:00,95252.52,62.18,28.15,0.0,E
2020-06-01 10:10:00,95244.95,61.88,28.23,0.0,E
2020-06-01 10:15:00,95243.91,61.66,28.31,0.0,E
2020-06-01 10:20:00,95237.56,61.55,28.37,0.0,E
2020-06-01 10:25:00,95237.0,61.35,28.45,0.0,E
2020-06-01 10:30:00,95237.91,61.97,28.29,0.0,E
2020-06-01 10:35:00,95235.92,63.86,27.67,0.0,E
2020-06-01 10:40:00,95239.08,64.74,27.47,0.0,E
2020-06-01 10:45:00,95238.51,64.8,27.42,0.0,E
2020-06-01 10:50:00,95238.52,63.49,27.88,1.0,E
2020-06-01 10:55:00,95237.12,62.43,28.2,1.0,E
2020-06-01 11:00:00,95237.52,61.73,28.38,1.0,E
2020-06-01 11:05:00,95235.54,61.23,28.48,1.0,E
2020-06-01 11:10:00,95231.75,60.82,28.57,1.0,E
2020-06-01 11:15:00,95228.04,60.95,28.66,1.0,E
2020-06-01 11:20:00,95230.38,60.94,28.7,1.0,L
2020-06-01 11:25:00,95230.02,60.8,28.73,1.0,L
2020-06-01 11:30:00,95227.23,60.71,28.63,1.0,L
2020-06-01 11:35:00,95221.84,60.97,28.64,1.0,L
2020-06-01 11:40:00,95217.26,60.66,28.96,1.0,L
2020-06-01 11:45:00,95217.01,59.86,29.13,1.0,L
2020-06-01 11:50:00,95212.26,58.96,29.17,1.0,M
2020-06-01 11:55:00,95213.04,58.82,29.32,1.0,M
2020-06-01 12:00:00,95213.1,58.61,29.49,1.0,M
2020-06-01 12:05:00,95210.55,58.11,29.63,1.0,M
2020-06-01 12:10:00,95210.44,58.16,29.41,1.0,M
2020-06-01 12:15:00,95208.58,59.16,29.22,1.0,M
2020-06-01 12:20:00,95201.39,58.92,29.34,1.0,M
2020-06-01 12:25:00,95199.96,58.43,29.46,1.0,M
2020-06-01 12:30:00,95196.68,58.01,29.51,1.0,L
2020-06-01 12:35:00,95188.58,57.52,29.48,1.0,L
2020-06-01 12:40:00,95183.74,57.28,29.46,1.0,L
2020-06-01 12:45:00,95184.26,57.24,29.47,1.0,L
2020-06-01 12:50:00,95181.52,57.13,29.51,1.0,L
2020-06-01 12:55:00,95175.53,56.9,29.55,1.0,L
2020-06-01 13:00:00,95171.66,56.83,29.53,1.0,L
2020-06-04 01:45:00,94655.37,59.59,30.33,0.0,L
2020-06-04 01:50:00,94655.14,56.9,30.67,0.0,L
2020-06-04 01:55:00,94649.84,56.28,30.98,0.0,L
2020-06-04 02:00:00,94642.82,54.29,31.02,0.0,L
2020-06-04 02:05:00,94640.81,53.69,31.08,0.0,L
2020-06-04 02:10:00,94635.91,54.45,31.04,0.0,L
2020-06-04 02:15:00,94629.51,52.62,30.93,0.0,L
2020-06-04 02:20:00,94625.87,54.12,30.88,0.0,L
2020-06-04 02:25:00,94623.25,53.15,30.85,0.0,L
2020-06-04 02:30:00,94621.04,53.33,30.75,0.0,L
2020-06-04 02:35:00,94614.14,52.95,30.73,0.0,L
2020-06-04 02:40:00,94613.89,52.31,30.67,0.0,L
2020-06-04 02:45:00,94611.85,52.99,30.68,0.0,L
2020-06-04 02:50:00,94612.13,51.72,30.62,0.0,L
2020-06-04 02:55:00,94607.29,52.47,30.63,0.0,L
2020-06-04 03:00:00,94601.03,52.46,30.6,0.0,L
2020-06-04 03:05:00,94599.59,53.9,30.61,0.0,L
2020-06-04 03:10:00,94593.68,54.75,30.59,0.0,L
2020-06-04 03:15:00,94589.34,55.36,30.61,0.0,L
2020-06-04 03:20:00,94589.25,55.97,30.61,0.0,L
2020-06-04 03:25:00,94586.26,56.58,30.56,0.0,L
2020-06-04 03:30:00,94578.79,56.8,30.57,0.0,L
2020-06-04 03:35:00,94578.05,57.03,30.59,0.0,L
2020-06-04 03:40:00,94581.47,57.19,30.61,0.0,L
2020-06-04 03:45:00,94587.1,57.35,30.61,0.0,L
2020-06-04 03:50:00,94588.2,57.52,30.63,0.0,L
2020-06-04 03:55:00,94587.36,57.86,30.58,0.0,L
2020-06-04 04:00:00,94591.23,58.04,30.57,0.0,L
2020-06-04 04:05:00,94587.23,58.14,30.59,0.0,L
2020-06-04 04:10:00,94591.24,58.47,30.53,0.0,L
2020-06-04 04:15:00,94592.38,58.61,30.54,0.0,L
2020-06-04 04:20:00,94589.08,58.76,30.54,0.0,L
2020-06-04 04:25:00,94584.91,58.77,30.55,0.0,L
2020-06-04 04:30:00,94586.83,59.0,30.51,0.0,L
2020-06-04 04:35:00,94588.39,59.1,30.5,0.0,L
2020-06-04 04:40:00,94587.21,59.19,30.5,0.0,L
2020-06-04 04:45:00,94584.61,59.12,30.55,0.0,L
2020-06-04 04:50:00,94581.97,59.23,30.54,0.0,L
2020-06-04 04:55:00,94576.39,59.35,30.51,0.0,L
2020-06-04 05:00:00,94576.56,59.34,30.51,0.0,L
2020-06-04 05:05:00,94573.87,59.37,30.51,0.0,L
2020-06-04 05:10:00,94572.88,59.4,30.52,0.0,L
2020-06-04 05:15:00,94569.62,59.41,30.54,0.0,L
2020-06-04 05:20:00,94571.22,59.39,30.55,0.0,L
2020-06-04 05:25:00,94572.37,59.53,30.51,0.0,L
2020-06-04 05:30:00,94571.61,59.6,30.5,0.0,L
2020-06-04 05:35:00,94566.02,59.57,30.52,0.0,L
2020-06-04 05:40:00,94564.93,59.63,30.51,0.0,L
2020-06-04 05:45:00,94564.56,59.78,30.46,0.0,L
2020-06-04 05:50:00,94564.91,59.91,30.43,0.0,L
2020-06-04 05:55:00,94565.4,59.84,30.45,0.0,L
2020-06-04 06:00:00,94568.18,59.8,30.47,0.0,L
2020-06-04 06:05:00,94572.96,59.77,30.49,0.0,L
2020-06-04 06:10:00,94578.15,59.73,30.51,0.0,L
2020-06-04 06:15:00,94577.92,59.82,30.48,0.0,L
2020-06-04 06:20:00,94583.84,59.86,30.46,0.0,L
2020-06-04 06:25:00,94586.66,60.4,30.23,0.0,L
2020-06-04 06:30:00,94589.35,61.16,29.97,0.0,L
2020-06-04 06:35:00,94597.34,61.69,29.79,0.0,L
2020-06-04 06:40:00,94601.07,62.25,29.54,0.0,L
2020-06-04 06:45:00,94595.08,61.87,29.73,0.0,L
2020-06-04 06:50:00,94596.06,61.32,29.94,0.0,L
2020-06-04 06:55:00,94600.32,61.41,29.92,0.0,L
2020-06-04 07:00:00,94609.16,61.93,29.79,0.0,L
2020-06-04 07:05:00,94617.3,61.92,29.85,0.0,L
2020-06-04 07:10:00,94621.82,61.93,29.86,0.0,E
2020-06-04 07:15:00,94627.43,62.03,29.85,0.0,E
2020-06-04 07:20:00,94629.33,62.27,29.81,0.0,E
2020-06-04 07:25:00,94630.09,62.2,29.84,0.0,E
2020-06-04 07:30:00,94627.88,62.44,29.78,0.0,E
2020-06-04 07:35:00,94626.51,62.79,29.68,0.0,E
2020-06-04 07:40:00,94627.76,62.87,29.67,0.0,E
2020-06-04 07:45:00,94629.24,62.9,29.68,0.0,E
2020-06-04 07:50:00,94630.42,62.92,29.67,0.0,E
2020-06-04 07:55:00,94637.64,62.85,29.66,0.0,E
2020-06-04 08:00:00,94641.73,62.72,29.71,0.0,E
2020-06-04 08:05:00,94641.18,62.61,29.74,0.0,E
2020-06-04 08:10:00,94646.27,62.6,29.73,0.0,E
2020-06-04 08:15:00,94654.61,62.49,29.75,0.0,E
2020-06-04 08:20:00,94658.73,62.42,29.77,0.0,E
2020-06-04 08:25:00,94664.14,62.08,29.82,0.0,E
2020-06-04 08:30:00,94674.0,62.08,29.82,0.0,E
2020-06-04 08:35:00,94677.99,62.09,29.81,0.0,E
2020-06-04 08:40:00,94682.24,61.98,29.84,0.0,E
2020-06-04 08:45:00,94684.8,61.86,29.87,0.0,E
2020-06-04 08:50:00,94684.25,61.77,29.88,0.0,E
2020-06-04 08:55:00,94692.31,61.72,29.9,0.0,E
2020-06-04 09:00:00,94699.45,61.62,29.92,0.0,E
2020-06-04 09:05:00,94705.81,61.61,29.92,0.0,E
2020-06-04 09:10:00,94712.08,61.56,29.93,0.0,E
2020-06-04 09:15:00,94716.36,61.55,29.94,0.0,E
2020-06-04 09:20:00,94716.06,61.51,29.96,0.0,E
2020-06-04 09:25:00,94718.76,61.51,29.99,0.0,E
2020-06-04 09:30:00,94723.09,61.4,30.01,1.0,L
2020-06-04 09:35:00,94725.16,61.41,30.0,1.0,L
2020-06-04 09:40:00,94722.24,61.59,30.02,1.0,L
2020-06-04 09:45:00,94723.43,61.26,30.08,1.0,L
2020-06-04 09:50:00,94721.04,61.23,30.08,1.0,E
2020-06-04 09:55:00,94716.68,61.28,30.06,1.0,E
2020-06-04 10:00:00,94712.64,61.19,30.09,1.0,E
2020-06-04 10:05:00,94706.2,61.15,30.12,1.0,E
2020-06-04 10:10:00,94695.13,61.16,30.13,1.0,E
2020-06-04 10:15:00,94690.42,61.12,30.21,1.0,E
2020-06-04 10:20:00,94686.33,61.1,30.23,1.0,L
2020-06-04 10:25:00,94682.51,61.03,30.27,1.0,L
2020-06-04 10:30:00,94685.59,60.9,30.31,1.0,L
2020-06-04 10:35:00,94686.37,60.78,30.33,1.0,L
2020-06-04 10:40:00,94689.11,60.67,30.37,1.0,L
2020-06-04 10:45:00,94692.86,60.57,30.42,1.0,L
2020-06-04 10:50:00,94698.47,60.5,30.44,1.0,L
2020-06-04 10:55:00,94699.88,60.34,30.5,1.0,L
2020-06-04 11:00:00,94696.63,60.15,30.55,1.0,L
2020-06-04 11:05:00,94695.48,60.25,30.55,1.0,L
2020-06-04 11:10:00,94693.7,60.28,30.56,1.0,L
2020-06-04 11:15:00,94695.59,60.25,30.62,1.0,L
2020-06-04 11:20:00,94695.21,60.45,30.64,1.0,M
2020-06-04 11:25:00,94689.88,60.23,30.65,1.0,M
2020-06-04 11:30:00,94688.79,60.4,30.66,1.0,M
2020-06-04 11:35:00,94688.85,60.26,30.67,1.0,M
2020-06-04 11:40:00,94684.4,60.2,30.65,1.0,L
2020-06-04 11:45:00,94679.99,60.19,30.66,1.0,L
2020-06-04 11:50:00,94678.87,60.21,30.68,1.0,L
2020-06-04 11:55:00,94681.35,60.14,30.74,1.0,L
2020-06-04 12:00:00,94682.81,60.07,30.75,1.0,L
2020-06-04 12:05:00,94678.61,60.06,30.76,1.0,L
2020-06-04 12:10:00,94677.12,60.23,30.69,1.0,L
2020-06-04 12:15:00,94680.11,60.29,30.66,1.0,L
2020-06-04 12:20:00,94677.36,60.05,30.66,1.0,L
2020-06-04 12:25:00,94674.83,59.96,30.65,1.0,L
2020-06-04 12:30:00,94671.31,60.21,30.62,1.0,L
2020-06-04 12:35:00,94667.01,60.24,30.66,1.0,L
2020-06-04 12:40:00,94666.56,60.31,30.7,1.0,L
2020-06-04 12:45:00,94662.01,60.25,30.71,1.0,L
2020-06-04 12:50:00,94652.7,60.32,30.74,1.0,L
2020-06-04 12:55:00,94653.87,60.28,30.77,1.0,L
2020-06-04 13:00:00,94647.26,60.17,30.8,1.0,L
2020-06-04 13:05:00,94639.92,60.19,30.79,1.0,L
2020-06-04 13:10:00,94635.54,60.2,30.82,1.0,L
2020-06-04 13:15:00,94627.86,60.13,30.84,1.0,L
2020-06-04 13:20:00,94624.67,59.99,30.88,1.0,L
2020-06-04 13:25:00,94621.97,58.59,30.85,1.0,L
2020-06-04 13:30:00,94614.97,56.45,30.78,1.0,L
2020-06-04 13:35:00,94607.43,53.57,30.65,1.0,L
2020-06-04 13:40:00,94599.22,52.91,30.69,1.0,L
2020-06-04 13:45:00,94589.37,52.86,30.75,1.0,L
2020-06-04 13:50:00,94588.72,50.88,30.58,1.0,L
2020-06-04 13:55:00,94587.13,51.05,30.57,1.0,L
2020-06-04 14:00:00,94579.7,51.48,30.64,1.0,L
2020-06-04 14:05:00,94578.02,49.68,30.5,1.0,L
2020-06-04 14:10:00,94570.67,50.22,30.45,1.0,L
2020-06-04 14:15:00,94563.42,50.46,30.54,1.0,L
2020-06-04 14:20:00,94558.02,49.92,30.47,1.0,L
2020-06-04 14:25:00,94550.86,50.93,30.55,1.0,L
2020-06-04 14:30:00,94544.08,51.52,30.62,1.0,L
2020-06-04 14:35:00,94538.1,52.24,30.62,1.0,L
2020-06-04 14:40:00,94533.93,52.74,30.69,1.0,L
2020-06-04 14:45:00,94525.41,53.18,30.8,1.0,L
2020-06-04 14:50:00,94519.71,53.58,30.81,0.0,E
2020-06-04 14:55:00,94519.7,53.98,30.86,0.0,E
2020-06-04 15:00:00,94509.58,54.24,30.9,1.0,L
2020-06-04 15:05:00,94504.18,54.53,30.9,1.0,L
2020-06-04 15:10:00,94501.47,54.62,30.9,1.0,L
2020-06-04 15:15:00,94498.11,54.89,30.94,1.0,L
2020-06-04 15:20:00,94498.88,55.47,31.08,1.0,L
2020-06-04 15:25:00,94498.25,55.6,31.11,1.0,L
2020-06-04 15:30:00,94491.61,55.79,31.09,1.0,L
2020-06-04 15:35:00,94489.25,56.04,31.11,1.0,L
2020-06-04 15:40:00,94488.9,56.14,31.13,1.0,L
2020-06-04 15:45:00,94481.66,55.87,31.14,1.0,L
2020-06-04 15:50:00,94473.94,55.56,31.19,1.0,L
2020-06-04 15:55:00,94468.33,54.03,31.2,1.0,L
2020-06-04 16:00:00,94463.27,51.79,31.18,1.0,L
2020-06-04 18:05:00,94391.99,55.37,31.6,1.0,M
2020-06-04 18:10:00,94392.68,55.02,31.47,1.0,M
2020-06-04 18:15:00,94390.19,54.7,31.46,1.0,M
2020-06-04 18:20:00,94391.04,54.01,31.46,1.0,M
2020-06-04 18:25:00,94394.49,52.34,31.48,1.0,M
2020-06-04 18:30:00,94392.29,50.64,31.49,1.0,M
2020-06-04 18:35:00,94391.76,50.12,31.46,1.0,M
2020-06-04 18:40:00,94396.76,49.43,31.47,1.0,M
2020-06-04 18:45:00,94400.24,49.41,31.43,1.0,M
2020-06-04 18:50:00,94400.69,49.31,31.43,1.0,M
2020-06-04 18:55:00,94401.07,48.83,31.43,1.0,M
2020-06-04 19:00:00,94402.53,47.9,31.42,1.0,M
2020-06-04 19:05:00,94402.91,48.53,31.41,1.0,M
2020-06-04 19:10:00,94397.44,50.52,31.43,1.0,M
2020-06-04 19:15:00,94397.16,51.55,31.42,1.0,M
2020-06-04 19:20:00,94403.61,52.32,31.44,1.0,M
2020-06-04 19:25:00,94409.9,52.68,31.5,1.0,M
2020-06-04 19:30:00,94411.18,53.02,31.52,1.0,M
2020-06-04 19:35:00,94415.43,53.14,31.53,1.0,M
2020-06-04 19:40:00,94421.82,53.76,31.56,1.0,M
2020-06-04 19:45:00,94429.48,53.94,31.59,1.0,M
2020-06-04 19:50:00,94432.81,53.77,31.58,1.0,M
2020-06-04 19:55:00,94437.41,53.7,31.58,1.0,M
2020-06-04 20:00:00,94444.43,53.85,31.61,1.0,M
2020-06-04 20:05:00,94449.94,53.62,31.58,1.0,M
2020-06-04 20:10:00,94452.58,53.4,31.56,0.0,E
2020-06-04 20:15:00,94459.18,53.37,31.51,0.0,E
2020-06-04 20:20:00,94465.78,53.77,31.52,1.0,L
2020-06-04 20:25:00,94471.54,54.24,31.52,1.0,L
2020-06-04 20:30:00,94472.55,53.32,31.51,1.0,L
2020-06-04 20:35:00,94473.32,51.85,31.47,1.0,L
2020-06-04 20:40:00,94477.2,50.76,31.45,1.0,L
2020-06-04 20:45:00,94481.9,49.64,31.46,1.0,L
2020-06-04 20:50:00,94489.17,48.32,31.38,1.0,M
2020-06-04 20:55:00,94495.65,47.72,31.27,1.0,M
2020-06-04 21:00:00,94496.85,47.18,31.28,1.0,L
2020-06-04 21:05:00,94496.75,46.51,31.23,1.0,L
2020-06-04 21:10:00,94498.18,45.97,31.19,1.0,E
2020-06-04 21:15:00,94500.7,46.03,31.12,1.0,E
2020-06-04 21:20:00,94508.24,46.06,31.09,1.0,L
2020-06-04 21:25:00,94514.35,46.05,31.11,1.0,L
2020-06-04 21:30:00,94521.63,45.65,31.1,1.0,L
2020-06-04 21:35:00,94529.21,45.44,31.08,1.0,L
2020-06-04 21:40:00,94534.03,46.34,31.14,1.0,L
2020-06-04 21:45:00,94536.72,46.83,31.17,1.0,L
2020-06-04 21:50:00,94536.67,47.06,31.13,1.0,L
2020-06-04 21:55:00,94547.07,49.13,31.17,1.0,L
2020-06-04 22:00:00,94548.39,51.64,31.24,1.0,L
2020-06-04 22:05:00,94553.1,53.37,31.19,1.0,L
2020-06-04 22:10:00,94558.67,53.65,31.23,0.0,E
2020-06-04 22:15:00,94560.26,54.29,31.31,0.0,E
2020-06-04 22:20:00,94558.64,55.68,31.41,1.0,E
2020-06-04 22:25:00,94552.79,56.65,31.49,1.0,E
2020-06-04 22:30:00,94557.15,56.66,31.52,1.0,E
2020-06-04 22:35:00,94561.48,56.78,31.54,1.0,E
2020-06-04 22:40:00,94567.27,56.72,31.58,1.0,L
2020-06-04 22:45:00,94573.86,56.85,31.57,1.0,L
2020-06-04 22:50:00,94581.41,56.67,31.69,1.0,L
2020-06-04 22:55:00,94585.56,56.7,31.78,1.0,L
2020-06-04 23:00:00,94590.3,56.6,31.88,1.0,M
2020-06-04 23:05:00,94593.74,56.53,31.93,1.0,M
